{"exact": 70.04969257980291, "f1": 73.46222874630176, "total": 11873, "HasAns_exact": 70.90080971659918, "HasAns_f1": 77.73566833752349, "HasAns_total": 5928, "NoAns_exact": 69.20100925147183, "NoAns_f1": 69.20100925147183, "NoAns_total": 5945, "best_exact": 71.07723406047334, "best_exact_thresh": -3.049351215362549, "best_f1": 74.02597869699528, "best_f1_thresh": -2.4792840480804443}
{"exact": 72.70277099300935, "f1": 75.78533793253301, "total": 11873, "HasAns_exact": 67.47638326585695, "HasAns_f1": 73.65035716480492, "HasAns_total": 5928, "NoAns_exact": 77.91421362489487, "NoAns_f1": 77.91421362489487, "NoAns_total": 5945, "best_exact": 72.83753053145793, "best_exact_thresh": -2.258340358734131, "best_f1": 75.8319381593738, "best_f1_thresh": -0.48190608620643616}
{"exact": 70.44554872399561, "f1": 74.28418899989128, "total": 11873, "HasAns_exact": 72.13225371120107, "HasAns_f1": 79.82054250939738, "HasAns_total": 5928, "NoAns_exact": 68.7636669470143, "NoAns_f1": 68.7636669470143, "NoAns_total": 5945, "best_exact": 72.7617282910806, "best_exact_thresh": -8.295901954174042, "best_f1": 75.91389611676686, "best_f1_thresh": -5.772817775607109}
{"exact": 71.09407900277941, "f1": 74.89207815226769, "total": 11873, "HasAns_exact": 66.98717948717949, "HasAns_f1": 74.59406948412169, "HasAns_total": 5928, "NoAns_exact": 75.1892346509672, "NoAns_f1": 75.1892346509672, "NoAns_total": 5945, "best_exact": 71.70049692579803, "best_exact_thresh": -2.7576687335968018, "best_f1": 75.35064699364398, "best_f1_thresh": -2.6975742280483246}
{"exact": 71.54046997389034, "f1": 75.09519741744245, "total": 11873, "HasAns_exact": 66.46423751686909, "HasAns_f1": 73.58388646040703, "HasAns_total": 5928, "NoAns_exact": 76.6021867115223, "NoAns_f1": 76.6021867115223, "NoAns_total": 5945, "best_exact": 72.2732249642045, "best_exact_thresh": -8.837627857923508, "best_f1": 75.27924943779618, "best_f1_thresh": -7.023240745067596}
{"exact": 71.36359807967658, "f1": 75.24724034361674, "total": 11873, "HasAns_exact": 68.2523616734143, "HasAns_f1": 76.03078350198412, "HasAns_total": 5928, "NoAns_exact": 74.4659377628259, "NoAns_f1": 74.4659377628259, "NoAns_total": 5945, "best_exact": 72.81226311799882, "best_exact_thresh": -12.92655599117279, "best_f1": 76.18156897256569, "best_f1_thresh": -8.377395749092102}
{"exact": 71.31306325275835, "f1": 75.32770321891327, "total": 11873, "HasAns_exact": 68.5391363022942, "HasAns_f1": 76.5799292034678, "HasAns_total": 5928, "NoAns_exact": 74.07905803195963, "NoAns_f1": 74.07905803195963, "NoAns_total": 5945, "best_exact": 72.62696875263202, "best_exact_thresh": -14.184004366397858, "best_f1": 75.94257690133367, "best_f1_thresh": -9.624104499816895}
{"exact": 71.10250147393245, "f1": 75.00365362994042, "total": 11873, "HasAns_exact": 68.37044534412955, "HasAns_f1": 76.18393717076256, "HasAns_total": 5928, "NoAns_exact": 73.82674516400337, "NoAns_f1": 73.82674516400337, "NoAns_total": 5945, "best_exact": 72.42482944495914, "best_exact_thresh": -14.940045833587646, "best_f1": 75.71220883166532, "best_f1_thresh": -14.850147008895874}
{"exact": 69.43485218563126, "f1": 73.70707155407509, "total": 11873, "HasAns_exact": 70.22604588394061, "HasAns_f1": 78.78273626206673, "HasAns_total": 5928, "NoAns_exact": 68.64592094196804, "NoAns_f1": 68.64592094196804, "NoAns_total": 5945, "best_exact": 71.85210140655268, "best_exact_thresh": -19.510815292596817, "best_f1": 75.33413303056193, "best_f1_thresh": -17.26711106300354}
{"exact": 70.68980038743368, "f1": 74.59986544385163, "total": 11873, "HasAns_exact": 69.2476383265857, "HasAns_f1": 77.07898151397598, "HasAns_total": 5928, "NoAns_exact": 72.12783851976451, "NoAns_f1": 72.12783851976451, "NoAns_total": 5945, "best_exact": 72.23953507959236, "best_exact_thresh": -14.223805204033852, "best_f1": 75.667503082639, "best_f1_thresh": -14.223805204033852}
{"exact": 70.765602627811, "f1": 74.59090131305506, "total": 11873, "HasAns_exact": 68.9608636977058, "HasAns_f1": 76.62243105430179, "HasAns_total": 5928, "NoAns_exact": 72.56518082422204, "NoAns_f1": 72.56518082422204, "NoAns_total": 5945, "best_exact": 72.60170133917292, "best_exact_thresh": -23.48805046081543, "best_f1": 75.75346234238458, "best_f1_thresh": -15.422040700912476}
{"exact": 70.54661837783206, "f1": 74.60795850445373, "total": 11873, "HasAns_exact": 68.2523616734143, "HasAns_f1": 76.38668881973305, "HasAns_total": 5928, "NoAns_exact": 72.83431455004205, "NoAns_f1": 72.83431455004205, "NoAns_total": 5945, "best_exact": 72.23111260843932, "best_exact_thresh": -19.933894962072372, "best_f1": 75.60812688837075, "best_f1_thresh": -16.294899821281433}
{"exact": 69.43485218563126, "f1": 73.64618020120953, "total": 11873, "HasAns_exact": 71.08636977058029, "HasAns_f1": 79.52110282202409, "HasAns_total": 5928, "NoAns_exact": 67.78805719091673, "NoAns_f1": 67.78805719091673, "NoAns_total": 5945, "best_exact": 72.31533731996969, "best_exact_thresh": -25.862954139709473, "best_f1": 75.7091350207994, "best_f1_thresh": -22.416191935539246}
{"exact": 69.5359218394677, "f1": 73.6379744414592, "total": 11873, "HasAns_exact": 70.5634278002699, "HasAns_f1": 78.77929665037861, "HasAns_total": 5928, "NoAns_exact": 68.51135407905804, "NoAns_f1": 68.51135407905804, "NoAns_total": 5945, "best_exact": 72.1805777815211, "best_exact_thresh": -22.526064157485962, "best_f1": 75.40376066778116, "best_f1_thresh": -22.24244999885559}
{"exact": 69.72963867598753, "f1": 73.70115630045525, "total": 11873, "HasAns_exact": 70.8502024291498, "HasAns_f1": 78.80462698301342, "HasAns_total": 5928, "NoAns_exact": 68.61227922624053, "NoAns_f1": 68.61227922624053, "NoAns_total": 5945, "best_exact": 72.09635306999074, "best_exact_thresh": -27.31722068786621, "best_f1": 75.33114173970779, "best_f1_thresh": -16.170669078826904}
{"exact": 70.40343636823044, "f1": 74.30035815946084, "total": 11873, "HasAns_exact": 69.80431848852902, "HasAns_f1": 77.60933745399413, "HasAns_total": 5928, "NoAns_exact": 71.00084104289319, "NoAns_f1": 71.00084104289319, "NoAns_total": 5945, "best_exact": 72.49220921418345, "best_exact_thresh": -18.615061342716217, "best_f1": 75.79400408270718, "best_f1_thresh": -18.615061342716217}
{"exact": 70.302366714394, "f1": 74.25906772766271, "total": 11873, "HasAns_exact": 69.80431848852902, "HasAns_f1": 77.72906732971295, "HasAns_total": 5928, "NoAns_exact": 70.79899074852817, "NoAns_f1": 70.79899074852817, "NoAns_total": 5945, "best_exact": 72.41640697380612, "best_exact_thresh": -22.19848072528839, "best_f1": 75.67158226082613, "best_f1_thresh": -18.911420978605747}
