{"exact": 70.71506780089278, "f1": 74.54006358282562, "total": 11873, "HasAns_exact": 71.2719298245614, "HasAns_f1": 78.93289050588531, "HasAns_total": 5928, "NoAns_exact": 70.15979814970564, "NoAns_f1": 70.15979814970564, "NoAns_total": 5945, "best_exact": 72.34902720458183, "best_exact_thresh": -3.8224117755889893, "best_f1": 75.59161083692928, "best_f1_thresh": -3.5441994667053223}{"exact": 73.33445632948707, "f1": 76.57158879066225, "total": 11873, "HasAns_exact": 68.89338731443995, "HasAns_f1": 75.3769355113918, "HasAns_total": 5928, "NoAns_exact": 77.76282590412112, "NoAns_f1": 77.76282590412112, "NoAns_total": 5945, "best_exact": 73.56186305061905, "best_exact_thresh": -1.9189915657043457, "best_f1": 76.6859446613556, "best_f1_thresh": -0.33507418632507324}{"exact": 71.81841152194053, "f1": 75.68475026906341, "total": 11873, "HasAns_exact": 68.99460188933872, "HasAns_f1": 76.73836706217755, "HasAns_total": 5928, "NoAns_exact": 74.63414634146342, "NoAns_f1": 74.63414634146342, "NoAns_total": 5945, "best_exact": 72.90491030068222, "best_exact_thresh": -6.249711751937866, "best_f1": 76.40190085567764, "best_f1_thresh": -3.388887405395508}{"exact": 71.93632611808304, "f1": 75.78502280149773, "total": 11873, "HasAns_exact": 68.04993252361673, "HasAns_f1": 75.75836297607671, "HasAns_total": 5928, "NoAns_exact": 75.81160639192599, "NoAns_f1": 75.81160639192599, "NoAns_total": 5945, "best_exact": 73.05651478143687, "best_exact_thresh": -7.8706914484500885, "best_f1": 76.40791283919094, "best_f1_thresh": -6.33026123046875}{"exact": 71.58258232965552, "f1": 75.17982974372636, "total": 11873, "HasAns_exact": 65.45209176788124, "HasAns_f1": 72.6569025889441, "HasAns_total": 5928, "NoAns_exact": 77.6955424726661, "NoAns_f1": 77.6955424726661, "NoAns_total": 5945, "best_exact": 72.01212835846037, "best_exact_thresh": -7.436127185821533, "best_f1": 75.51280871986944, "best_f1_thresh": -1.8405326306819916}{"exact": 69.08953086835677, "f1": 72.94136627546045, "total": 11873, "HasAns_exact": 71.67678812415654, "HasAns_f1": 79.39150502505737, "HasAns_total": 5928, "NoAns_exact": 66.50967199327165, "NoAns_f1": 66.50967199327165, "NoAns_total": 5945, "best_exact": 71.8773688200118, "best_exact_thresh": -21.144927501678467, "best_f1": 74.90591830684087, "best_f1_thresh": -16.018386840820312}{"exact": 69.18217805104018, "f1": 73.00907043305119, "total": 11873, "HasAns_exact": 70.1923076923077, "HasAns_f1": 77.85706701275572, "HasAns_total": 5928, "NoAns_exact": 68.17493692178302, "NoAns_f1": 68.17493692178302, "NoAns_total": 5945, "best_exact": 72.01212835846037, "best_exact_thresh": -20.03638255596161, "best_f1": 75.05409067810567, "best_f1_thresh": -19.096436500549316}{"exact": 68.72736460877621, "f1": 72.79065122015834, "total": 11873, "HasAns_exact": 70.3778677462888, "HasAns_f1": 78.51609344415287, "HasAns_total": 5928, "NoAns_exact": 67.08158116063919, "NoAns_f1": 67.08158116063919, "NoAns_total": 5945, "best_exact": 71.692074454645, "best_exact_thresh": -19.621887147426605, "best_f1": 75.07816975893749, "best_f1_thresh": -19.621887147426605}{"exact": 67.91880737808474, "f1": 72.17762454410182, "total": 11873, "HasAns_exact": 70.49595141700405, "HasAns_f1": 79.02579895616053, "HasAns_total": 5928, "NoAns_exact": 65.34903280067283, "NoAns_f1": 65.34903280067283, "NoAns_total": 5945, "best_exact": 71.54046997389034, "best_exact_thresh": -30.305533409118652, "best_f1": 74.8102845013465, "best_f1_thresh": -26.272642612457275}{"exact": 69.64541396445718, "f1": 73.27662071617071, "total": 11873, "HasAns_exact": 70.0910931174089, "HasAns_f1": 77.36392000052206, "HasAns_total": 5928, "NoAns_exact": 69.20100925147183, "NoAns_f1": 69.20100925147183, "NoAns_total": 5945, "best_exact": 71.86052387770572, "best_exact_thresh": -20.42485237121582, "best_f1": 74.83681361995575, "best_f1_thresh": -20.41609227657318}{"exact": 70.73191274319885, "f1": 74.63056540033121, "total": 11873, "HasAns_exact": 68.45479082321188, "HasAns_f1": 76.26327648416542, "HasAns_total": 5928, "NoAns_exact": 73.00252312867956, "NoAns_f1": 73.00252312867956, "NoAns_total": 5945, "best_exact": 72.3658721468879, "best_exact_thresh": -20.378317177295685, "best_f1": 75.55001171982988, "best_f1_thresh": -17.098204493522644}{"exact": 70.04969257980291, "f1": 73.9768083014252, "total": 11873, "HasAns_exact": 69.56815114709852, "HasAns_f1": 77.43364456187949, "HasAns_total": 5928, "NoAns_exact": 70.52985702270816, "NoAns_f1": 70.52985702270816, "NoAns_total": 5945, "best_exact": 71.9026362334709, "best_exact_thresh": -24.54904544353485, "best_f1": 75.35219518343094, "best_f1_thresh": -15.854910254478455}{"exact": 69.96546786827255, "f1": 74.06862989453984, "total": 11873, "HasAns_exact": 69.34885290148448, "HasAns_f1": 77.56694378169198, "HasAns_total": 5928, "NoAns_exact": 70.58031959629942, "NoAns_f1": 70.58031959629942, "NoAns_total": 5945, "best_exact": 72.07950812768466, "best_exact_thresh": -23.384398460388184, "best_f1": 75.35123793178617, "best_f1_thresh": -23.372586488723755}{"exact": 71.39728796428872, "f1": 75.26243169983384, "total": 11873, "HasAns_exact": 67.54385964912281, "HasAns_f1": 75.2852313718163, "HasAns_total": 5928, "NoAns_exact": 75.23969722455845, "NoAns_f1": 75.23969722455845, "NoAns_total": 5945, "best_exact": 72.60170133917292, "best_exact_thresh": -21.220039129257202, "best_f1": 75.98130692418535, "best_f1_thresh": -17.326435804367065}{"exact": 70.54661837783206, "f1": 74.4716510886041, "total": 11873, "HasAns_exact": 69.45006747638327, "HasAns_f1": 77.31138889591713, "HasAns_total": 5928, "NoAns_exact": 71.64003364171573, "NoAns_f1": 71.64003364171573, "NoAns_total": 5945, "best_exact": 72.66908110839721, "best_exact_thresh": -22.26513636112213, "best_f1": 76.0057443815434, "best_f1_thresh": -20.655949234962463}{"exact": 69.3253600606418, "f1": 73.38840916593955, "total": 11873, "HasAns_exact": 69.61875843454791, "HasAns_f1": 77.75650843913591, "HasAns_total": 5928, "NoAns_exact": 69.03280067283431, "NoAns_f1": 69.03280067283431, "NoAns_total": 5945, "best_exact": 71.9026362334709, "best_exact_thresh": -28.323056511580944, "best_f1": 75.21088728984346, "best_f1_thresh": -24.948215186595917}{"exact": 69.01372862797945, "f1": 73.03488341665192, "total": 11873, "HasAns_exact": 69.50067476383266, "HasAns_f1": 77.55451599289948, "HasAns_total": 5928, "NoAns_exact": 68.52817493692179, "NoAns_f1": 68.52817493692179, "NoAns_total": 5945, "best_exact": 71.6246946854207, "best_exact_thresh": -32.73469591140747, "best_f1": 74.89361953400622, "best_f1_thresh": -26.84900537133217}{"exact": 69.4432746567843, "f1": 73.37150378394392, "total": 11873, "HasAns_exact": 68.99460188933872, "HasAns_f1": 76.86232530815859, "HasAns_total": 5928, "NoAns_exact": 69.89066442388562, "NoAns_f1": 69.89066442388562, "NoAns_total": 5945, "best_exact": 71.91948117577698, "best_exact_thresh": -29.28062653541565, "best_f1": 75.0217583026778, "best_f1_thresh": -24.817439556121826}{"exact": 70.6982228585867, "f1": 74.4806943588307, "total": 11873, "HasAns_exact": 68.80904183535762, "HasAns_f1": 76.38483200445295, "HasAns_total": 5928, "NoAns_exact": 72.58200168208579, "NoAns_f1": 72.58200168208579, "NoAns_total": 5945, "best_exact": 72.50905415648951, "best_exact_thresh": -23.015366554260254, "best_f1": 75.6154461090463, "best_f1_thresh": -22.902769565582275}{"exact": 69.7885959740588, "f1": 73.76131298454061, "total": 11873, "HasAns_exact": 69.33198380566802, "HasAns_f1": 77.28881057109446, "HasAns_total": 5928, "NoAns_exact": 70.2439024390244, "NoAns_f1": 70.2439024390244, "NoAns_total": 5945, "best_exact": 71.89421376231786, "best_exact_thresh": -24.966777086257935, "best_f1": 75.10270008425742, "best_f1_thresh": -21.060783088207245}{"exact": 69.8138633875179, "f1": 73.83312612698953, "total": 11873, "HasAns_exact": 69.63562753036437, "HasAns_f1": 77.68567923511223, "HasAns_total": 5928, "NoAns_exact": 69.99158957106812, "NoAns_f1": 69.99158957106812, "NoAns_total": 5945, "best_exact": 71.84367893539965,