{"exact": 72.15531036806199, "f1": 75.61667525339497, "total": 11873, "HasAns_exact": 67.1221322537112, "HasAns_f1": 74.05478834068113, "HasAns_total": 5928, "NoAns_exact": 77.17409587888983, "NoAns_f1": 77.17409587888983, "NoAns_total": 5945, "best_exact": 72.46694180072433, "best_exact_thresh": -1.875476598739624, "best_f1": 75.72026069838746, "best_f1_thresh": -0.698204755783081}
{"exact": 72.61012381032594, "f1": 76.1202315244383, "total": 11873, "HasAns_exact": 70.47908232118759, "HasAns_f1": 77.50936384778257, "HasAns_total": 5928, "NoAns_exact": 74.73507148864591, "NoAns_f1": 74.73507148864591, "NoAns_total": 5945, "best_exact": 73.37656868525225, "best_exact_thresh": -1.3194122314453125, "best_f1": 76.612257201091, "best_f1_thresh": -1.2804813385009766}
{"exact": 71.5320475027373, "f1": 75.10594054090933, "total": 11873, "HasAns_exact": 68.62348178137651, "HasAns_f1": 75.78151687621697, "HasAns_total": 5928, "NoAns_exact": 74.4322960470984, "NoAns_f1": 74.4322960470984, "NoAns_total": 5945, "best_exact": 72.18900025267413, "best_exact_thresh": -4.513523817062378, "best_f1": 75.38674167869605, "best_f1_thresh": -2.858729124069214}
{"exact": 71.26252842584015, "f1": 74.92522542144245, "total": 11873, "HasAns_exact": 67.8306342780027, "HasAns_f1": 75.16653195492346, "HasAns_total": 5928, "NoAns_exact": 74.68460891505467, "NoAns_f1": 74.68460891505467, "NoAns_total": 5945, "best_exact": 72.13846542575591, "best_exact_thresh": -5.977442026138306, "best_f1": 75.42014338862242, "best_f1_thresh": -2.1277695894241333}
{"exact": 70.97616440663691, "f1": 75.03365720783472, "total": 11873, "HasAns_exact": 66.37989203778677, "HasAns_f1": 74.50651350010472, "HasAns_total": 5928, "NoAns_exact": 75.55929352396973, "NoAns_f1": 75.55929352396973, "NoAns_total": 5945, "best_exact": 71.93632611808304, "best_exact_thresh": -9.904335737228394, "best_f1": 75.64563828044187, "best_f1_thresh": -4.51334011554718}
{"exact": 69.8138633875179, "f1": 73.86293690069257, "total": 11873, "HasAns_exact": 68.7753036437247, "HasAns_f1": 76.88506238561428, "HasAns_total": 5928, "NoAns_exact": 70.84945332211943, "NoAns_f1": 70.84945332211943, "NoAns_total": 5945, "best_exact": 72.00370588730733, "best_exact_thresh": -13.8834847509861, "best_f1": 75.1470618080193, "best_f1_thresh": -13.866756871342659}
{"exact": 69.63699149330414, "f1": 73.67536357555667, "total": 11873, "HasAns_exact": 68.84278002699055, "HasAns_f1": 76.93110521804726, "HasAns_total": 5928, "NoAns_exact": 70.42893187552565, "NoAns_f1": 70.42893187552565, "NoAns_total": 5945, "best_exact": 71.70049692579803, "best_exact_thresh": -19.038739919662476, "best_f1": 74.87078696276085, "best_f1_thresh": -14.591026129666716}
{"exact": 68.44942306072602, "f1": 72.34616137740048, "total": 11873, "HasAns_exact": 70.8502024291498, "HasAns_f1": 78.65485391934439, "HasAns_total": 5928, "NoAns_exact": 66.05550883095037, "NoAns_f1": 66.05550883095037, "NoAns_total": 5945, "best_exact": 71.97001600269519, "best_exact_thresh": -22.318338871002197, "best_f1": 74.99851778385217, "best_f1_thresh": -16.99761462211609}
{"exact": 69.9738903394256, "f1": 74.38814569556178, "total": 11873, "HasAns_exact": 66.49797570850203, "HasAns_f1": 75.33914538518977, "HasAns_total": 5928, "NoAns_exact": 73.43986543313709, "NoAns_f1": 73.43986543313709, "NoAns_total": 5945, "best_exact": 71.48151267581909, "best_exact_thresh": -17.55773615837097, "best_f1": 75.13922126982042, "best_f1_thresh": -9.269325464963913}
{"exact": 70.03284763749684, "f1": 73.82903208101726, "total": 11873, "HasAns_exact": 67.8306342780027, "HasAns_f1": 75.43388965889291, "HasAns_total": 5928, "NoAns_exact": 72.22876366694702, "NoAns_f1": 72.22876366694702, "NoAns_total": 5945, "best_exact": 71.32990819506443, "best_exact_thresh": -15.096445485949516, "best_f1": 74.64062813386832, "best_f1_thresh": -15.096445485949516}
{"exact": 69.34220500294786, "f1": 73.31230827975038, "total": 11873, "HasAns_exact": 70.15856950067476, "HasAns_f1": 78.11016130321751, "HasAns_total": 5928, "NoAns_exact": 68.52817493692179, "NoAns_f1": 68.52817493692179, "NoAns_total": 5945, "best_exact": 71.64153962772677, "best_exact_thresh": -21.56265437602997, "best_f1": 74.91807417695655, "best_f1_thresh": -16.571990728378296}
{"exact": 70.93405205087173, "f1": 74.49739863187584, "total": 11873, "HasAns_exact": 67.05465587044534, "HasAns_f1": 74.19156780638653, "HasAns_total": 5928, "NoAns_exact": 74.80235492010092, "NoAns_f1": 74.80235492010092, "NoAns_total": 5945, "best_exact": 71.38886549313568, "best_exact_thresh": -18.27040123939514, "best_f1": 74.66933085213043, "best_f1_thresh": -5.696672439575195}
{"exact": 68.27255116651226, "f1": 72.29496216640035, "total": 11873, "HasAns_exact": 69.29824561403508, "HasAns_f1": 77.35460286802798, "HasAns_total": 5928, "NoAns_exact": 67.24978973927671, "NoAns_f1": 67.24978973927671, "NoAns_total": 5945, "best_exact": 71.07723406047334, "best_exact_thresh": -26.840070247650146, "best_f1": 74.17691968729378, "best_f1_thresh": -19.38189148902893}
{"exact": 70.00758022403774, "f1": 74.08315462520451, "total": 11873, "HasAns_exact": 66.9365721997301, "HasAns_f1": 75.09940871542706, "HasAns_total": 5928, "NoAns_exact": 73.06980656013457, "NoAns_f1": 73.06980656013457, "NoAns_total": 5945, "best_exact": 71.54046997389034, "best_exact_thresh": -22.733309030532837, "best_f1": 75.03646760858719, "best_f1_thresh": -17.10840928554535}
{"exact": 70.11707234902721, "f1": 73.90652473514798, "total": 11873, "HasAns_exact": 67.94871794871794, "HasAns_f1": 75.53848990897617, "HasAns_total": 5928, "NoAns_exact": 72.27922624053826, "NoAns_f1": 72.27922624053826, "NoAns_total": 5945, "best_exact": 71.7426092815632, "best_exact_thresh": -25.14492154121399, "best_f1": 74.78018733181749, "best_f1_thresh": -17.334002017974854}
{"exact": 71.02669923355512, "f1": 74.63502008907462, "total": 11873, "HasAns_exact": 68.79217273954116, "HasAns_f1": 76.01916219932212, "HasAns_total": 5928, "NoAns_exact": 73.25483599663583, "NoAns_f1": 73.25483599663583, "NoAns_total": 5945, "best_exact": 72.50905415648951, "best_exact_thresh": -24.660665094852448, "best_f1": 75.61057992851524, "best_f1_thresh": -19.916673734784126}
{"exact": 70.06653752210899, "f1": 73.88798251081002, "total": 11873, "HasAns_exact": 70.78272604588395, "HasAns_f1": 78.43657495797015, "HasAns_total": 5928, "NoAns_exact": 69.35239697224559, "NoAns_f1": 69.35239697224559, "NoAns_total": 5945, "best_exact": 72.15531036806199, "best_exact_thresh": -30.416576862335205, "best_f1": 75.11058839145569, "best_f1_thresh": -24.758168518543243}
{"exact": 71.56573738734944, "f1": 75.17894518368921, "total": 11873, "HasAns_exact": 67.49325236167341, "HasAns_f1": 74.73002971760134, "HasAns_total": 5928, "NoAns_exact": 75.62657695542472, "NoAns_f1": 75.62657695542472, "NoAns_total": 5945, "best_exact": 72.41640697380612, "best_exact_thresh": -21.77683424949646, "best_f1": 75.75218328557186, "best_f1_thresh": -6.984017372131348}
{"exact": 71.08565653162638, "f1": 74.82787801574644, "total": 11873, "HasAns_exact": 68.92712550607287, "HasAns_f1": 76.4223002160858, "HasAns_total": 5928, "NoAns_exact": 73.23801513877208, "NoAns_f1": 73.23801513877208, "NoAns_total": 5945, "best_exact": 72.391139560347, "best_exact_thresh": -22.80074977874756, "best_f1": 75.63433940223864, "best_f1_thresh": -15.405285894870758}
{"exact": 70.33605659900614, "f1": 74.091237178743, "total": 11873, "HasAns_exact": 69.71997300944669, "HasAns_f1": 77.24110307409141, "HasAns_total": 5928, "NoAns_exact": 70.95037846930194, "NoAns_f1": 70.95037846930194, "NoAns_total": 5945, "best_exact": 72.00370588730733, "best_exact_thresh": -30.851798087358475, "best_f1": 75.1294953675581, "best_f1_thresh": -21.623389720916748}
{"exact": 69.45169712793734, "f1": 73.38080773018326, "total": 11873, "HasAns_exact": 69.93927125506073, "HasAns_f1": 77.80876015190017, "HasAns_total": 5928, "NoAns_exact": 68.96551724137932, "NoAns_f1": 68.96551724137932, "NoAns_total": 5945,